 ID-EVENTO;TITULO;PRECIO;GRATUITO;LARGA-DURACION;DIAS-SEMANA;DIAS-EXCLUIDOS;FECHA;FECHA-FIN;HORA;DESCRIPCION;CONTENT-URL;TITULO-ACTIVIDAD;URL-ACTIVIDAD;URL-INSTALACION;NOMBRE-INSTALACION;ACCESIBILIDAD-INSTALACION;CLASE-VIAL-INSTALACION;NOMBRE-VIA-INSTALACION;NUM-INSTALACION;DISTRITO-INSTALACION;BARRIO-INSTALACION;CODIGO-POSTAL-INSTALACION;COORDENADA-X;COORDENADA-Y;LATITUD;LONGITUD;TIPO;AUDIENCIA
50266171;"Ajedrez en los parques: Jornadas 2026";"";"1";"1";"V";"3/7/2026;10/7/2026;17/7/2026;24/7/2026;31/7/2026;7/8/2026;14/8/2026;21/8/2026;28/8/2026;";"2026-04-10 00:00:00.0";"2026-11-20 23:59:00.0";"16:30";"las jornadas están abiertas a todos los públicos, sin ningún tipo de restricciones, y son supervisadas por un monitor de ajedrez. La participación es gratuita, sin que sea necesario inscripción previa.";"http://www.madrid.es/sites/v/index.jsp?vgnextchannel=ca9671ee4a9eb410VgnVCM100000171f5a0aRCRD&vgnextoid=3047e1509792d910VgnVCM100000891ecb1aRCRD";"Actividades en otros espacios";"http://www.madrid.es/sites/v/index.jsp?vgnextchannel=ca9671ee4a9eb410VgnVCM100000171f5a0aRCRD&vgnextoid=f6b1e1c2ca0c7910VgnVCM1000001d4a900aRCRD";"http://www.madrid.es/sites/v/index.jsp?vgnextchannel=bfa48ab43d6bb410VgnVCM100000171f5a0aRCRD&vgnextoid=b53d8464dad45510VgnVCM1000001d4a900aRCRD";"Jardines de Pablo Sorozábal";"2";"CALLE";"PRINCIPE DE VERGARA";"139";"CHAMARTIN";"EL VISO";"28002";"442450";"4477329";"40.444631112841606";"-3.6786214824583503";"";""
50266634;"Ajedrez en los parques: Jornadas 2026";"";"1";"1";"S";"4/7/2026;11/7/2026;18/7/2026;25/7/2026;1/8/2026;8/8/2026;15/8/2026;22/8/2026;29/8/2026;";"2026-04-11 00:00:00.0";"2026-11-21 23:59:00.0";"11:30";"Las jornadas están abiertas a todos los públicos, sin ningún tipo de restricciones, y son supervisadas por un monitor de ajedrez. La participación es gratuita, sin que sea necesario inscripción previa.";"http://www.madrid.es/sites/v/index.jsp?vgnextchannel=ca9671ee4a9eb410VgnVCM100000171f5a0aRCRD&vgnextoid=9aa59e76dd92d910VgnVCM100000891ecb1aRCRD";"Actividades en otros espacios";"http://www.madrid.es/sites/v/index.jsp?vgnextchannel=ca9671ee4a9eb410VgnVCM100000171f5a0aRCRD&vgnextoid=f6b1e1c2ca0c7910VgnVCM1000001d4a900aRCRD";"http://www.madrid.es/sites/v/index.jsp?vgnextchannel=bfa48ab43d6bb410VgnVCM100000171f5a0aRCRD&vgnextoid=f4749c2d91fcb610VgnVCM1000001d4a900aRCRD";"Jardines de Gloria Fuertes";"2";"CALLE";"MADRE DE DIOS";"2";"CHAMARTIN";"NUEVA ESPAŃA";"28016";"442761";"4479202";"40.461517637696026";"-3.6751179007317614";"";""
11637821;"Aula Deportiva Municipal de Aire Libre";"";"1";"1";"M,J,V";"";"2025-10-01 00:00:00.0";"2026-05-29 23:59:00.0";"10:00";"";"http://www.madrid.es/sites/v/index.jsp?vgnextchannel=ca9671ee4a9eb410VgnVCM100000171f5a0aRCRD&vgnextoid=ab793e53180cf710VgnVCM1000001d4a900aRCRD";"Aula Deportiva Municipal de Aire Libre";"http://www.madrid.es/sites/v/index.jsp?vgnextchannel=ca9671ee4a9eb410VgnVCM100000171f5a0aRCRD&vgnextoid=860145111b803210VgnVCM1000000b205a0aRCRD";"http://www.madrid.es/sites/v/index.jsp?vgnextchannel=bfa48ab43d6bb410VgnVCM100000171f5a0aRCRD&vgnextoid=882aa4ea6871c010VgnVCM1000000b205a0aRCRD";"Servicio de Actividades Educativas";"1";"PASEO";"CHOPERA";"41";"ARGANZUELA";"CHOPERA";"28045";"440676";"4471741";"40.39415981141737";"-3.6990213657093163";"/contenido/actividades/ActividadesDeportivas/Natacion";"/usuario/Nińos"
50030926;"Aula Deportiva Municipal de Ciclismo";"";"1";"1";"M,J";"";"2025-10-01 00:00:00.0";"2026-05-29 23:59:00.0";"10:00";"";"http://www.madrid.es/sites/v/index.jsp?vgnextchannel=ca9671ee4a9eb410VgnVCM100000171f5a0aRCRD&vgnextoid=2d79f3117b909910VgnVCM100000891ecb1aRCRD";"Aula Deportiva Municipal de Ciclismo";"http://www.madrid.es/sites/v/index.jsp?vgnextchannel=ca9671ee4a9eb410VgnVCM100000171f5a0aRCRD&vgnextoid=e2280d11eb512810VgnVCM1000001d4a900aRCRD";"http://www.madrid.es/sites/v/index.jsp?vgnextchannel=bfa48ab43d6bb410VgnVCM100000171f5a0aRCRD&vgnextoid=882aa4ea6871c010VgnVCM1000000b205a0aRCRD";"Servicio de Actividades Educativas";"1";"PASEO";"CHOPERA";"41";"ARGANZUELA";"CHOPERA";"28045";"440676";"4471741";"40.39415981141737";"-3.6990213657093163";"/contenido/actividades/ActividadesDeportivas/Natacion";"/usuario/Nińos"
11638044;"Aula Deportiva Municipal de Escalada";"";"1";"1";"L,X";"";"2025-10-01 00:00:00.0";"2026-05-29 23:59:00.0";"10:00";"";"http://www.madrid.es/sites/v/index.jsp?vgnextchannel=ca9671ee4a9eb410VgnVCM100000171f5a0aRCRD&vgnextoid=2bc03e53180cf710VgnVCM1000001d4a900aRCRD";"Aula Deportiva Municipal de Escalada";"http://www.madrid.es/sites/v/index.jsp?vgnextchannel=ca9671ee4a9eb410VgnVCM100000171f5a0aRCRD&vgnextoid=82eadafb79741310VgnVCM1000000b205a0aRCRD";"http://www.madrid.es/sites/v/index.jsp?vgnextchannel=bfa48ab43d6bb410VgnVCM100000171f5a0aRCRD&vgnextoid=fa670286ac984310VgnVCM1000000b205a0aRCRD";"Instalación Deportiva Municipal Rocódromo 'Roc 30'";"0";"AVENIDA";"MANZANARES";"108";"CARABANCHEL";"SAN ISIDRO";"28019";"439001";"4472322";"40.39927267070148";"-3.718824070151145";"/contenido/actividades/ActividadesDeportivas";"/usuario/Nińos"
11638265;"Aula Deportiva Municipal de Esgrima";"";"1";"1";"M,J";"";"2025-10-01 00:00:00.0";"2026-05-29 23:59:00.0";"10:00";"";"http://www.madrid.es/sites/v/index.jsp?vgnextchannel=ca9671ee4a9eb410VgnVCM100000171f5a0aRCRD&vgnextoid=302ab2b0ea0cf710VgnVCM1000001d4a900aRCRD";"Aula Deportiva Municipal de Esgrima";"http://www.madrid.es/sites/v/index.jsp?vgnextchannel=ca9671ee4a9eb410VgnVCM100000171f5a0aRCRD&vgnextoid=9f42f1ae9ec84110VgnVCM1000000b205a0aRCRD";"http://www.madrid.es/sites/v/index.jsp?vgnextchannel=bfa48ab43d6bb410VgnVCM100000171f5a0aRCRD&vgnextoid=28906e8a84805410VgnVCM2000000c205a0aRCRD";"Centro Deportivo Municipal Vallehermoso";"1";"AVENIDA";"FILIPINAS";"7";"CHAMBERI";"VALLEHERMOSO";"28003";"439867";"4476908";"40.44064843863945";"-3.709053489027435";"/contenido/actividades/ActividadesDeportivas";"/usuario/Nińos"
50031464;"Aula Deportiva Municipal de Piragüismo";"";"1";"1";"M,J";"";"2025-10-01 00:00:00.0";"2026-05-29 23:59:00.0";"10:00";"";"http://www.madrid.es/sites/v/index.jsp?vgnextchannel=ca9671ee4a9eb410VgnVCM100000171f5a0aRCRD&vgnextoid=ef86f3117b909910VgnVCM100000891ecb1aRCRD";"Aula Deportiva Municipal de Piragüismo";"http://www.madrid.es/sites/v/index.jsp?vgnextchannel=ca9671ee4a9eb410VgnVCM100000171f5a0aRCRD&vgnextoid=76c8436ba723a210VgnVCM2000000c205a0aRCRD";"http://www.madrid.es/sites/v/index.jsp?vgnextchannel=bfa48ab43d6bb410VgnVCM100000171f5a0aRCRD&vgnextoid=882aa4ea6871c010VgnVCM1000000b205a0aRCRD";"Servicio de Actividades Educativas";"1";"PASEO";"CHOPERA";"41";"ARGANZUELA";"CHOPERA";"28045";"440676";"4471741";"40.39415981141737";"-3.6990213657093163";"/contenido/actividades/ActividadesDeportivas/Natacion";"/usuario/Nińos"
50146432;"Autoprotección para mujeres 2025/2026";"";"0";"1";"L,M,X,J,V,S,D";"";"2025-10-04 00:00:00.0";"2026-05-21 23:59:00.0";"";"";"http://www.madrid.es/sites/v/index.jsp?vgnextchannel=ca9671ee4a9eb410VgnVCM100000171f5a0aRCRD&vgnextoid=1770e3902cfba910VgnVCM100000891ecb1aRCRD";"Autoprotección para mujeres 2025/2026";"http://www.madrid.es/sites/v/index.jsp?vgnextchannel=ca9671ee4a9eb410VgnVCM100000171f5a0aRCRD&vgnextoid=d77338a3b1787910VgnVCM1000001d4a900aRCRD";"";"";"";"";"";"";"";"";"";"";"";"";"";"/contenido/actividades/ActividadesDeportivas";"/usuario/Jovenes,/usuario/Mujeres"
50186970;"Ciclismo por Madrid 2025-2026";"";"0";"1";"L,M,X,J,V,S,D";"";"2025-09-01 00:00:00.0";"2026-06-30 23:59:00.0";"";"Ciclismo por Madrid se desarrolla en la modalidad de clases cerradas con una oferta dirigida a población infantil y joven, de 6 a 26 ańos (*):  MTB carretera BMX freestyle flat BMX pump track BMX park Trial bici  (*) consultar grupos y edades en DeportesWeb/Escuelas y clases de inscripción mensual. Deportes/web  Requisitos:  Saber montar en bicicleta sin material auxiliar.  Material necesario:  Bicicleta para las modalidades de MTB carretera, BMX pump track, BMX park y trial bici. Casco, ropa, material deportista y guantes.  La actividad se desarrollará en zonas de asfalto para MTB carretera y en zonas específicas para las modalidades de BMX freesyle flat, BMX pump track, BMX park y trial bici.";"http://www.madrid.es/sites/v/index.jsp?vgnextchannel=ca9671ee4a9eb410VgnVCM100000171f5a0aRCRD&vgnextoid=f95fe1c427f7b910VgnVCM200000f921e388RCRD";"Ciclismo por Madrid 2025-2026";"http://www.madrid.es/sites/v/index.jsp?vgnextchannel=ca9671ee4a9eb410VgnVCM100000171f5a0aRCRD&vgnextoid=73d6479355d87910VgnVCM2000001f4a900aRCRD";"";"";"";"";"";"";"";"";"";"";"";"";"";"/contenido/actividades/ActividadesDeportivas/Ciclismo";""
12810210;"Correr por Madrid 2025-2026";"";"0";"1";"L,M,X,J,V,S,D";"";"2025-09-01 00:00:00.0";"2026-06-30 23:59:00.0";"";"";"http://www.madrid.es/sites/v/index.jsp?vgnextchannel=ca9671ee4a9eb410VgnVCM100000171f5a0aRCRD&vgnextoid=7824813d7d0a7910VgnVCM2000001f4a900aRCRD";"Correr por Madrid 2025-2026";"http://www.madrid.es/sites/v/index.jsp?vgnextchannel=ca9671ee4a9eb410VgnVCM100000171f5a0aRCRD&vgnextoid=d452e7bbebb97910VgnVCM2000001f4a900aRCRD";"";"";"";"";"";"";"";"";"";"";"";"";"";"/contenido/actividades/ActividadesDeportivas";""
50166440;"Deportes Urbanos - Deporte en la Calle - Distrito de Villaverde";"";"1";"1";"M,J";"25/12/2025;30/12/2025;1/1/2026;6/1/2026;2/4/2026;";"2025-09-08 00:00:00.0";"2026-06-15 23:59:00.0";"17:00";"&#55356;&#57291;&#55356;&#57339;???Calistenia:  Descubre una actividad deportiva novedosa, impartida por monitores expertos, en la que desarrollarás multitud de ejercicios de entrenamiento utilizando una única herramienta principal: tu propio cuerpo.  Los monitores personalizarán cada sesión según tu nivel y tus preferencias, asegurando una experiencia única para todos.  &#55357;&#57081;Skate:  Deporte urbano que implica la utilización de una tabla con ruedas para realizar una variedad de trucos y maniobras en superficies urbanas como parques, calles y skateparks. Dirigidas por un monitor experto y con todo el equipo necesario proporcionado por la organización.  &#55358;&#56791;???Parkour:  Disciplina física y deportiva que se enfoca en superar obstáculos de manera eficiente y fluida, utilizando principalmente el propio cuerpo. Los monitores personalizarán cada sesión según el nivel de los participantes, garantizando una experiencia adaptada para todos.   Las tres actividades de deportes urbanos se realizarán los martes y jueves de 17 a 18:30 horas:   Parque de Deportes Urbanos de San Cristóbal de Los Ángeles:  Plaza de los Pinazo - 28021 Madrid     Las inscripciones se realizarán a través del QR del cartel y en  Deportes Urbanos - Deporte en la Calle Villaverde.";"http://www.madrid.es/sites/v/index.jsp?vgnextchannel=ca9671ee4a9eb410VgnVCM100000171f5a0aRCRD&vgnextoid=ba8da6d4cc21b910VgnVCM100000891ecb1aRCRD";"Deportes Urbanos - Deporte en la Calle - Distrito de Villaverde";"http://www.madrid.es/sites/v/index.jsp?vgnextchannel=ca9671ee4a9eb410VgnVCM100000171f5a0aRCRD&vgnextoid=c41344b655679910VgnVCM100000891ecb1aRCRD";"http://www.madrid.es/sites/v/index.jsp?vgnextchannel=bfa48ab43d6bb410VgnVCM100000171f5a0aRCRD&vgnextoid=60b46055755b8210VgnVCM2000000c205a0aRCRD";"Instalación Deportiva Municipal Básica San Cristóbal de Los Ángeles II";"0";"CALLE";"GODELLA";"48";"VILLAVERDE";"SAN CRISTOBAL";"28021";"441483";"4466109";"40.343480612836665";"-3.6889961753443936";"/contenido/actividades/ActividadesDeportivas";"/usuario/Jovenes,/usuario/Nińos"
50126461;"Dinamización en espacios deportivos - Deporte en la Calle - Distrito de Villaverde";"";"1";"1";"S";"6/12/2025;27/12/2025;3/1/2026;4/4/2026;";"2025-09-15 00:00:00.0";"2026-06-15 23:59:00.0";"10:30";"ˇÚnete a las actividades de dinamización en Villaverde! Disfruta de deportes variados cada sábado y domingo. Vive el movimiento y la energía en el distrito. Se realizarán actividades deportivas y lúdicas aprovechando estos espacios:  Sábados de 10:30 a 13:30 horas:      IDB El Cruce: Calle Santiago Amón, 6 y 8 - 28021 Madrid     IDB Marconi: Avenida Marconi, s/n - 28021 Madrid    Sábados de 17 a 20 horas:      IDB San Cristóbal de los Ángeles: Calle Rocafort, s/n (detrás de E.I. Los Pinos) - 28021 Madrid    Auditorio IDB Parque Plata y Castańar: Paseo de los Ferroviarios, s/n - 28021 Madrid    Domingos de 10:30 a 13:30 horas:     Auditorio IDB El Espinillo: Calle Tertulia, nş 7 - 28041 Madrid     IDB Colonia Euskalduna: Calle Hermandad de Donantes de Sangre, nş 7 - 28041 Madrid   Las inscripciones son gratuitas y se realizarán a través del QR  del cartel o accediendo a Dinamización - Deporte en la Calle Villaverde .";"http://www.madrid.es/sites/v/index.jsp?vgnextchannel=ca9671ee4a9eb410VgnVCM100000171f5a0aRCRD&vgnextoid=f58304f679f5a910VgnVCM100000891ecb1aRCRD";"Dinamización en espacios deportivos - Deporte en la Calle - Distrito de Villaverde";"http://www.madrid.es/sites/v/index.jsp?vgnextchannel=ca9671ee4a9eb410VgnVCM100000171f5a0aRCRD&vgnextoid=dcdbf93d13179910VgnVCM200000f921e388RCRD";"http://www.madrid.es/sites/v/index.jsp?vgnextchannel=bfa48ab43d6bb410VgnVCM100000171f5a0aRCRD&vgnextoid=6d84cf0980a61110VgnVCM1000000b205a0aRCRD";"Instalación Deportiva Municipal Básica El Cruce";"0";"CALLE";"SANTIAGO AMON";"6y8";"VILLAVERDE";"LOS ANGELES";"28021";"441073";"4466719";"40.348947003587675";"-3.693879611293337";"/contenido/actividades/ActividadesDeportivas";"/usuario/PoblaciónGeneral"
50127187;"Dinamización en espacios deportivos - Deporte en la Calle - Distrito de Villaverde";"";"1";"1";"S";"6/12/2025;27/12/2025;3/1/2026;4/4/2026;";"2025-09-15 00:00:00.0";"2026-06-15 23:59:00.0";"17:00";"ˇÚnete a las actividades de dinamización en Villaverde! Disfruta de deportes variados cada sábado y domingo. Vive el movimiento y la energía en el distrito. Se realizarán actividades deportivas y lúdicas aprovechando estos espacios:  Sábados de 10:30 a 13:30 horas:      IDB El Cruce: Calle Santiago Amón, 6 y 8 - 28021 Madrid     IDB Marconi: Avenida Marconi, s/n - 28021 Madrid    Sábados de 17 a 20 horas:      IDB San Cristóbal de los Ángeles: Calle Rocafort, s/n (detrás de E.I. Los Pinos) - 28021 Madrid    Auditorio IDB Parque Plata y Castańar: Paseo de los Ferroviarios, s/n - 28021 Madrid    Domingos de 10:30 a 13:30 horas:     Auditorio IDB El Espinillo: Calle Tertulia, nş 7 - 28041 Madrid     IDB Colonia Euskalduna: Calle Hermandad de Donantes de Sangre, nş 7 - 28041 Madrid   Las inscripciones son gratuitas y se realizarán a través del QR  del cartel o accediendo a Dinamización - Deporte en la Calle Villaverde .";"http://www.madrid.es/sites/v/index.jsp?vgnextchannel=ca9671ee4a9eb410VgnVCM100000171f5a0aRCRD&vgnextoid=dd5874268206a910VgnVCM100000891ecb1aRCRD";"Dinamización en espacios deportivos - Deporte en la Calle - Distrito de Villaverde";"http://www.madrid.es/sites/v/index.jsp?vgnextchannel=ca9671ee4a9eb410VgnVCM100000171f5a0aRCRD&vgnextoid=dcdbf93d13179910VgnVCM200000f921e388RCRD";"http://www.madrid.es/sites/v/index.jsp?vgnextchannel=bfa48ab43d6bb410VgnVCM100000171f5a0aRCRD&vgnextoid=009349ad8bcc5110VgnVCM1000000b205a0aRCRD";"Instalación Deportiva Municipal Básica Parque Plata y Castańar";"0";"PASEO";"LOS FERROVIARIOS";"s/n";"VILLAVERDE";"SAN ANDRES";"28021";"439211";"4466704";"40.34867826813893";"-3.7158020843006376";"/contenido/actividades/ActividadesDeportivas";"/usuario/PoblaciónGeneral"
50127912;"Dinamización en espacios deportivos - Deporte en la Calle - Distrito de Villaverde";"";"1";"1";"D";"9/11/2025;7/12/2025;28/12/2025;4/1/2026;5/4/2026;";"2025-09-15 00:00:00.0";"2026-06-15 23:59:00.0";"10:30";"ˇÚnete a las actividades de dinamización en Villaverde! Disfruta de deportes variados cada sábado y domingo. Vive el movimiento y la energía en el distrito. Se realizarán actividades deportivas y lúdicas aprovechando estos espacios:  Sábados de 10:30 a 13:30 horas:      IDB El Cruce: Calle Santiago Amón, 6 y 8 - 28021 Madrid     IDB Marconi: Avenida Marconi, s/n - 28021 Madrid    Sábados de 17 a 20 horas:      IDB San Cristóbal de los Ángeles: Calle Rocafort, s/n (detrás de E.I. Los Pinos) - 28021 Madrid    Auditorio IDB Parque Plata y Castańar: Paseo de los Ferroviarios, s/n - 28021 Madrid    Domingos de 10:30 a 13:30 horas:     Auditorio IDB El Espinillo: Calle Tertulia, nş 7 - 28041 Madrid     IDB Colonia Euskalduna: Calle Hermandad de Donantes de Sangre, nş 7 - 28041 Madrid   Las inscripciones son gratuitas y se realizarán a través del QR  del cartel o accediendo a Dinamización - Deporte en la Calle Villaverde .";"http://www.madrid.es/sites/v/index.jsp?vgnextchannel=ca9671ee4a9eb410VgnVCM100000171f5a0aRCRD&vgnextoid=d98e74268206a910VgnVCM100000891ecb1aRCRD";"Dinamización en espacios deportivos - Deporte en la Calle - Distrito de Villaverde";"http://www.madrid.es/sites/v/index.jsp?vgnextchannel=ca9671ee4a9eb410VgnVCM100000171f5a0aRCRD&vgnextoid=dcdbf93d13179910VgnVCM200000f921e388RCRD";"http://www.madrid.es/sites/v/index.jsp?vgnextchannel=bfa48ab43d6bb410VgnVCM100000171f5a0aRCRD&vgnextoid=4b0169ef89471110VgnVCM1000000b205a0aRCRD";"Instalación Deportiva Municipal Básica El Espinillo I";"0";"CALLE";"TERTULIA";"7";"VILLAVERDE";"LOS ROSALES";"28041";"441179";"4468121";"40.361575517254266";"-3.6927606788274527";"/contenido/actividades/ActividadesDeportivas";"/usuario/PoblaciónGeneral"
50126945;"Dinamización en espacios deportivos - Deporte en la Calle - Distrito de Villaverde";"";"1";"1";"S";"6/12/2025;27/12/2025;3/1/2026;4/4/2026;";"2025-09-15 00:00:00.0";"2026-06-15 23:59:00.0";"17:00";"ˇÚnete a las actividades de dinamización en Villaverde! Disfruta de deportes variados cada sábado y domingo. Vive el movimiento y la energía en el distrito. Se realizarán actividades deportivas y lúdicas aprovechando estos espacios:  Sábados de 10:30 a 13:30 horas:      IDB El Cruce: Calle Santiago Amón, 6 y 8 - 28021 Madrid     IDB Marconi: Avenida Marconi, s/n - 28021 Madrid    Sábados de 17 a 20 horas:      IDB San Cristóbal de los Ángeles: Calle Rocafort, s/n (detrás de E.I. Los Pinos) - 28021 Madrid    Auditorio IDB Parque Plata y Castańar: Paseo de los Ferroviarios, s/n - 28021 Madrid    Domingos de 10:30 a 13:30 horas:     Auditorio IDB El Espinillo: Calle Tertulia, nş 7 - 28041 Madrid     IDB Colonia Euskalduna: Calle Hermandad de Donantes de Sangre, nş 7 - 28041 Madrid   Las inscripciones son gratuitas y se realizarán a través del QR  del cartel o accediendo a Dinamización - Deporte en la Calle Villaverde .";"http://www.madrid.es/sites/v/index.jsp?vgnextchannel=ca9671ee4a9eb410VgnVCM100000171f5a0aRCRD&vgnextoid=d28604f679f5a910VgnVCM100000891ecb1aRCRD";"Dinamización en espacios deportivos - Deporte en la Calle - Distrito de Villaverde";"http://www.madrid.es/sites/v/index.jsp?vgnextchannel=ca9671ee4a9eb410VgnVCM100000171f5a0aRCRD&vgnextoid=dcdbf93d13179910VgnVCM200000f921e388RCRD";"http://www.madrid.es/sites/v/index.jsp?vgnextchannel=bfa48ab43d6bb410VgnVCM100000171f5a0aRCRD&vgnextoid=adab8e71e6e61110VgnVCM1000000b205a0aRCRD";"Instalación Deportiva Municipal Básica Colonia San Cristóbal de Los Ángeles";"0";"CALLE";"ROCAFORT";"s/n";"VILLAVERDE";"SAN CRISTOBAL";"28021";"441420";"4465844";"40.34108883895775";"-3.6897253636919576";"/contenido/actividades/ActividadesDeportivas";"/usuario/PoblaciónGeneral"
50127669;"Dinamización en espacios deportivos - Deporte en la Calle - Distrito de Villaverde";"";"1";"1";"D";"9/11/2025;7/12/2025;28/12/2025;4/1/2026;5/4/2026;";"2025-09-15 00:00:00.0";"2026-06-15 23:59:00.0";"10:30";"ˇÚnete a las actividades de dinamización en Villaverde! Disfruta de deportes variados cada sábado y domingo. Vive el movimiento y la energía en el distrito. Se realizarán actividades deportivas y lúdicas aprovechando estos espacios:  Sábados de 10:30 a 13:30 horas:      IDB El Cruce: Calle Santiago Amón, 6 y 8 - 28021 Madrid     IDB Marconi: Avenida Marconi, s/n - 28021 Madrid    Sábados de 17 a 20 horas:      IDB San Cristóbal de los Ángeles: Calle Rocafort, s/n (detrás de E.I. Los Pinos) - 28021 Madrid    Auditorio IDB Parque Plata y Castańar: Paseo de los Ferroviarios, s/n - 28021 Madrid    Domingos de 10:30 a 13:30 horas:     Auditorio IDB El Espinillo: Calle Tertulia, nş 7 - 28041 Madrid     IDB Colonia Euskalduna: Calle Hermandad de Donantes de Sangre, nş 7 - 28041 Madrid   Las inscripciones son gratuitas y se realizarán a través del QR  del cartel o accediendo a Dinamización - Deporte en la Calle Villaverde .";"http://www.madrid.es/sites/v/index.jsp?vgnextchannel=ca9671ee4a9eb410VgnVCM100000171f5a0aRCRD&vgnextoid=9d7b74268206a910VgnVCM100000891ecb1aRCRD";"Dinamización en espacios deportivos - Deporte en la Calle - Distrito de Villaverde";"http://www.madrid.es/sites/v/index.jsp?vgnextchannel=ca9671ee4a9eb410VgnVCM100000171f5a0aRCRD&vgnextoid=dcdbf93d13179910VgnVCM200000f921e388RCRD";"http://www.madrid.es/sites/v/index.jsp?vgnextchannel=bfa48ab43d6bb410VgnVCM100000171f5a0aRCRD&vgnextoid=4c137874b8f61110VgnVCM1000000b205a0aRCRD";"Instalación Deportiva Municipal Básica Colonia Euskalduna";"0";"CALLE";"HERMANDAD DE DONANTES DE SANGRE";"7";"VILLAVERDE";"LOS ANGELES";"28041";"440580";"4467348";"40.35456935043359";"-3.699754645665144";"/contenido/actividades/ActividadesDeportivas";"/usuario/PoblaciónGeneral"
50126703;"Dinamización en espacios deportivos - Deporte en la Calle - Distrito de Villaverde";"";"1";"1";"S";"6/12/2025;27/12/2025;3/1/2026;4/4/2026;";"2025-09-15 00:00:00.0";"2026-06-15 23:59:00.0";"10:30";"ˇÚnete a las actividades de dinamización en Villaverde! Disfruta de deportes variados cada sábado y domingo. Vive el movimiento y la energía en el distrito. Se realizarán actividades deportivas y lúdicas aprovechando estos espacios:  Sábados de 10:30 a 13:30 horas:      IDB El Cruce: Calle Santiago Amón, 6 y 8 - 28021 Madrid     IDB Marconi: Avenida Marconi, s/n - 28021 Madrid    Sábados de 17 a 20 horas:      IDB San Cristóbal de los Ángeles: Calle Rocafort, s/n (detrás de E.I. Los Pinos) - 28021 Madrid    Auditorio IDB Parque Plata y Castańar: Paseo de los Ferroviarios, s/n - 28021 Madrid    Domingos de 10:30 a 13:30 horas:     Auditorio IDB El Espinillo: Calle Tertulia, nş 7 - 28041 Madrid     IDB Colonia Euskalduna: Calle Hermandad de Donantes de Sangre, nş 7 - 28041 Madrid   Las inscripciones son gratuitas y se realizarán a través del QR  del cartel o accediendo a Dinamización - Deporte en la Calle Villaverde .";"http://www.madrid.es/sites/v/index.jsp?vgnextchannel=ca9671ee4a9eb410VgnVCM100000171f5a0aRCRD&vgnextoid=56e404f679f5a910VgnVCM100000891ecb1aRCRD";"Dinamización en espacios deportivos - Deporte en la Calle - Distrito de Villaverde";"http://www.madrid.es/sites/v/index.jsp?vgnextchannel=ca9671ee4a9eb410VgnVCM100000171f5a0aRCRD&vgnextoid=dcdbf93d13179910VgnVCM200000f921e388RCRD";"http://www.madrid.es/sites/v/index.jsp?vgnextchannel=bfa48ab43d6bb410VgnVCM100000171f5a0aRCRD&vgnextoid=2b538004f7471110VgnVCM1000000b205a0aRCRD";"Instalación Deportiva Municipal Básica Colonia Marconi";"0";"AVENIDA";"MARCONI";"s/n";"VILLAVERDE";"SAN ANDRES";"28021";"441125";"4465053";"40.33393325295466";"-3.6931253996834856";"/contenido/actividades/ActividadesDeportivas";"/usuario/PoblaciónGeneral"
50102466;"Escuela de Karate Kenpo Distrito de Villaverde";"Matrícula inicial: 11 Euros. Categoría infantil (nacidos desde 2018 a 2011): 15,60 Euros. Categoría juvenil (nacidos desde 2010 en adelante): 20,80 Euros.  Se aplicará un 70% de descuento a personas con discapacidad presentando certificado o dictamen técnico.";"0";"1";"L,X";"10/11/2025;24/12/2025;29/12/2025;31/12/2025;5/1/2026;7/1/2026;30/3/2026;1/4/2026;";"2025-09-08 00:00:00.0";"2026-06-30 23:59:00.0";"17:00";"Escuela de Karate Kenpo.   Acuerdo con el Club Movistar Estudiantes en colaboración con el Distrito de Villaverde.   Lugar:  En el CDM San Cristóbal, Plaza Pinazo, nş 9, 28021 Madrid.  Horarios:   Lunes y miércoles: De 17:00 a 18:00 h. Lunes y miércoles: De 18:00 a 19:00 h. Lunes y miércoles: De 19:00 a 20:00 h.   Precios:   Matrícula inicial: 11 Euros. Categoría infantil (nacidos desde 2018 a 2011): 15,60 Euros. Categoría juvenil (nacidos desde 2010 en adelante): 20,80 Euros.     Descuentos:   Se aplicará un 70% de descuento a personas con discapacidad presentando certificado o dictamen técnico.     Inscripciones:    A través del  QR  del cartel mediante formulario gestionado por el Club Movistar Estudiantes. Acceso al formulario también desde  Preinscripciones Karate Kenpo 2025-26.      Información:    Club Movistar Estudiantes: clubestudiantes@clubestudiantes.com";"http://www.madrid.es/sites/v/index.jsp?vgnextchannel=ca9671ee4a9eb410VgnVCM100000171f5a0aRCRD&vgnextoid=89d10b830361a910VgnVCM100000891ecb1aRCRD";"Escuela de Karate Kenpo Distrito de Villaverde";"http://www.madrid.es/sites/v/index.jsp?vgnextchannel=ca9671ee4a9eb410VgnVCM100000171f5a0aRCRD&vgnextoid=be85e60789999910VgnVCM200000f921e388RCRD";"http://www.madrid.es/sites/v/index.jsp?vgnextchannel=bfa48ab43d6bb410VgnVCM100000171f5a0aRCRD&vgnextoid=69fe79262ef5d010VgnVCM1000000b205a0aRCRD";"Centro Deportivo Municipal San Cristóbal";"1";"PLAZA";"PINAZO";"9";"VILLAVERDE";"SAN CRISTOBAL";"28021";"441274";"4466022";"40.34267317099495";"-3.6914487380508842";"/contenido/actividades/ActividadesDeportivas";"/usuario/Jovenes,/usuario/Nińos"
50292978;"IV Cross escolar de Barajas";"";"1";"0";"";"";"2026-05-22 00:00:00.0";"2026-05-22 23:59:00.0";"09:00";"";"http://www.madrid.es/sites/v/index.jsp?vgnextchannel=ca9671ee4a9eb410VgnVCM100000171f5a0aRCRD&vgnextoid=00c0ae46863dd910VgnVCM200000f921e388RCRD";"IV Cross escolar de Barajas";"http://www.madrid.es/sites/v/index.jsp?vgnextchannel=ca9671ee4a9eb410VgnVCM100000171f5a0aRCRD&vgnextoid=1411008a9954d910VgnVCM100000891ecb1aRCRD";"http://www.madrid.es/sites/v/index.jsp?vgnextchannel=bfa48ab43d6bb410VgnVCM100000171f5a0aRCRD&vgnextoid=8d9a78a0dea9e210VgnVCM1000000b205a0aRCRD";"Parque Juan Carlos I";"2";"GLORIETA";"S.A.R. DON JUAN DE BORBON Y BATTEMBERG, 5";"5";"BARAJAS";"CORRALEJOS";"28042";"447867";"4478996";"40.45999848510341";"-3.6148888706303586";"/contenido/actividades/ActividadesDeportivas";""
50292726;"Jornada de Parkour";"";"1";"0";"";"";"2026-05-23 00:00:00.0";"2026-05-23 23:59:00.0";"";"";"http://www.madrid.es/sites/v/index.jsp?vgnextchannel=ca9671ee4a9eb410VgnVCM100000171f5a0aRCRD&vgnextoid=fb685a3f043dd910VgnVCM200000f921e388RCRD";"Jornada de Parkour";"http://www.madrid.es/sites/v/index.jsp?vgnextchannel=ca9671ee4a9eb410VgnVCM100000171f5a0aRCRD&vgnextoid=5846008a9954d910VgnVCM100000891ecb1aRCRD";"http://www.madrid.es/sites/v/index.jsp?vgnextchannel=bfa48ab43d6bb410VgnVCM100000171f5a0aRCRD&vgnextoid=1f599f50bc408810VgnVCM1000001d4a900aRCRD";"Instalación Deportiva Municipal Básica Alameda de Osuna II";"2";"PASEO";"ALAMEDA DE OSUNA";"26";"BARAJAS";"ALAMEDA DE OSUNA";"28042";"449096";"4478349";"40.45425391757006";"-3.600336224968592";"/contenido/actividades/ActividadesDeportivas";""
12810699;"Marcha nórdica por Madrid 2025-2026";"";"0";"1";"L,M,X,J,V,S,D";"";"2025-09-01 00:00:00.0";"2026-06-30 23:59:00.0";"";"";"http://www.madrid.es/sites/v/index.jsp?vgnextchannel=ca9671ee4a9eb410VgnVCM100000171f5a0aRCRD&vgnextoid=3b6a901b761a7910VgnVCM2000001f4a900aRCRD";"Marcha nórdica por Madrid 2025-2026";"http://www.madrid.es/sites/v/index.jsp?vgnextchannel=ca9671ee4a9eb410VgnVCM100000171f5a0aRCRD&vgnextoid=b582e7bbebb97910VgnVCM2000001f4a900aRCRD";"";"";"";"";"";"";"";"";"";"";"";"";"";"/contenido/actividades/ActividadesDeportivas";""
50299082;"Muévete por el buen trato llega a Tetuán";"";"1";"0";"";"";"2026-05-07 00:00:00.0";"2026-05-07 23:59:00.0";"11:30";"Ruta WAP - saludable por el parque de Agustín Rodríguez Sahagún. La actividad contará con una mesa informativa sobre las entidades y recursos del distrito para personas mayores y concluirá con una animada sesión de zumba.Salida en la zona de las canchas, Paseo de la Dirección, 301.Organizada por el Proceso de Desarrollo Comunitario de Tetuán- Comisión de Mayores";"http://www.madrid.es/sites/v/index.jsp?vgnextchannel=ca9671ee4a9eb410VgnVCM100000171f5a0aRCRD&vgnextoid=04ea5f682b1fd910VgnVCM200000f921e388RCRD";"Actividades en el Parque Rodríguez Sahagún";"http://www.madrid.es/sites/v/index.jsp?vgnextchannel=ca9671ee4a9eb410VgnVCM100000171f5a0aRCRD&vgnextoid=79585f682b1fd910VgnVCM200000f921e388RCRD";"";"";"";"";"";"";"";"";"";"";"";"";"";"";""
50299059;"Ocio familiar (PIBA Ventilla";"";"1";"1";"M,S";"23/5/2026;";"2026-05-09 00:00:00.0";"2026-05-30 23:59:00.0";"12:00";"? Taller infantil: 12:00/13:00 h ? Juegos participativos familiares: 13:00 / 13:30 h ? Espectáculo musical familiar: 13:30 / 14:00 h";"http://www.madrid.es/sites/v/index.jsp?vgnextchannel=ca9671ee4a9eb410VgnVCM100000171f5a0aRCRD&vgnextoid=70695f682b1fd910VgnVCM200000f921e388RCRD";"Actividades en el Parque Rodríguez Sahagún";"http://www.madrid.es/sites/v/index.jsp?vgnextchannel=ca9671ee4a9eb410VgnVCM100000171f5a0aRCRD&vgnextoid=79585f682b1fd910VgnVCM200000f921e388RCRD";"";"";"";"";"";"";"";"";"";"";"";"";"";"";""
12811238;"Parkour por Madrid 2025-2026";"";"0";"1";"L,M,X,J,V,S,D";"";"2025-09-01 00:00:00.0";"2026-06-30 23:59:00.0";"";"";"http://www.madrid.es/sites/v/index.jsp?vgnextchannel=ca9671ee4a9eb410VgnVCM100000171f5a0aRCRD&vgnextoid=200fdb51016a7910VgnVCM2000001f4a900aRCRD";"";"";"http://www.madrid.es/sites/v/index.jsp?vgnextchannel=bfa48ab43d6bb410VgnVCM100000171f5a0aRCRD&vgnextoid=858e79262ef5d010VgnVCM1000000b205a0aRCRD";"Centro Deportivo Municipal Plata y Castańar";"1";"PASEO";"PLATA Y CASTAŃAR";"7";"VILLAVERDE";"SAN ANDRES";"28021";"439040";"4466852";"40.34998997348078";"-3.7178413073202856";"/contenido/actividades/ActividadesDeportivas";""
50116558;"Parque y Salud - Deporte en la calle - Distrito de Villaverde";"";"1";"1";"J";"25/12/2025;1/1/2026;2/4/2026;";"2025-10-01 00:00:00.0";"2026-07-31 23:59:00.0";"17:00";"Disfruta de una experiencia completa al aire libre. Camina, muévete y activa tu cuerpo en cada sesión llena de energía y bienestar. Comenzaremos con un paseo relajante de aproximadamente una hora, seguido de una variedad de actividades como gimnasia de mantenimiento, juegos tradicionales, zumba y yoga. Es la oportunidad perfecta para cuidar tu salud y divertirte. ˇTe esperamos!  &#55357;&#56518; Martes y miércoles de 10:30 a 12:30 horas:     ?? IDB Los Rosales : Avenida de Los Rosales, nş 133 - 28021 Madrid      ?? Centro Municipal de Mayores Villalonso:   Calle Villalonso, nş 12 - 28021 Madrid      &#55357;&#56518; Jueves de 17 a 19 horas:     ?? Centro Municipal de Mayores Miguel Delibes:   Avenida Felicidad,  nş 26 - 28041 Madrid      &#55357;&#56518; Miércoles de 18 a 20 horas:        ??Centro Municipal de Mayores Nuestra Seńora de los Ángeles:   Calle Arama, nş 1 - 28041 Madrid     Las inscripciones son gratuitas y se realizarán a través del QR  del cartel o accediendo a Parque y Salud - Deporte en la Calle Villaverde.";"http://www.madrid.es/sites/v/index.jsp?vgnextchannel=ca9671ee4a9eb410VgnVCM100000171f5a0aRCRD&vgnextoid=da1785aaf3e4a910VgnVCM100000891ecb1aRCRD";"Parque y Salud - Deporte en la Calle - Distrito de Villaverde";"http://www.madrid.es/sites/v/index.jsp?vgnextchannel=ca9671ee4a9eb410VgnVCM100000171f5a0aRCRD&vgnextoid=9569ffa02fd4a910VgnVCM100000891ecb1aRCRD";"http://www.madrid.es/sites/v/index.jsp?vgnextchannel=bfa48ab43d6bb410VgnVCM100000171f5a0aRCRD&vgnextoid=bb9fba61e681c010VgnVCM1000000b205a0aRCRD";"Centro Municipal de Mayores Miguel Delibes";"1";"AVENIDA";"FELICIDAD";"26";"VILLAVERDE";"LOS ROSALES";"28041";"441547";"4467810";"40.35881548932917";"-3.688387122923563";"/contenido/actividades/ActividadesDeportivas";"/usuario/Mayores"
50116294;"Parque y Salud - Deporte en la calle - Distrito de Villaverde";"";"1";"1";"X";"24/12/2025;31/12/2025;";"2025-10-01 00:00:00.0";"2026-07-31 23:59:00.0";"10:30";"Disfruta de una experiencia completa al aire libre. Camina, muévete y activa tu cuerpo en cada sesión llena de energía y bienestar. Comenzaremos con un paseo relajante de aproximadamente una hora, seguido de una variedad de actividades como gimnasia de mantenimiento, juegos tradicionales, zumba y yoga. Es la oportunidad perfecta para cuidar tu salud y divertirte. ˇTe esperamos!  &#55357;&#56518; Martes y miércoles de 10:30 a 12:30 horas:     ?? IDB Los Rosales : Avenida de Los Rosales, nş 133 - 28021 Madrid      ?? Centro Municipal de Mayores Villalonso:   Calle Villalonso, nş 12 - 28021 Madrid      &#55357;&#56518; Jueves de 17 a 19 horas:     ?? Centro Municipal de Mayores Miguel Delibes:   Avenida Felicidad,  nş 26 - 28041 Madrid      &#55357;&#56518; Miércoles de 18 a 20 horas:        ??Centro Municipal de Mayores Nuestra Seńora de los Ángeles:   Calle Arama, nş 1 - 28041 Madrid     Las inscripciones son gratuitas y se realizarán a través del QR  del cartel o accediendo a Parque y Salud - Deporte en la Calle Villaverde.";"http://www.madrid.es/sites/v/index.jsp?vgnextchannel=ca9671ee4a9eb410VgnVCM100000171f5a0aRCRD&vgnextoid=cc4385aaf3e4a910VgnVCM100000891ecb1aRCRD";"Parque y Salud - Deporte en la Calle - Distrito de Villaverde";"http://www.madrid.es/sites/v/index.jsp?vgnextchannel=ca9671ee4a9eb410VgnVCM100000171f5a0aRCRD&vgnextoid=9569ffa02fd4a910VgnVCM100000891ecb1aRCRD";"http://www.madrid.es/sites/v/index.jsp?vgnextchannel=bfa48ab43d6bb410VgnVCM100000171f5a0aRCRD&vgnextoid=8dc366051361c010VgnVCM1000000b205a0aRCRD";"Centro Municipal de Mayores Villalonso";"1";"CALLE";"VILLALONSO";"12";"VILLAVERDE";"VILLAVERDE ALTO C.H.";"28021";"439783";"4466800";"40.34958362533649";"-3.709073393125563";"/contenido/actividades/ActividadesDeportivas";"/usuario/Mayores"
50116825;"Parque y Salud - Deporte en la calle - Distrito de Villaverde";"";"1";"1";"X";"24/12/2025;31/12/2025;";"2025-10-01 00:00:00.0";"2026-07-31 23:59:00.0";"18:00";"Disfruta de una experiencia completa al aire libre. Camina, muévete y activa tu cuerpo en cada sesión llena de energía y bienestar. Comenzaremos con un paseo relajante de aproximadamente una hora, seguido de una variedad de actividades como gimnasia de mantenimiento, juegos tradicionales, zumba y yoga. Es la oportunidad perfecta para cuidar tu salud y divertirte. ˇTe esperamos!  &#55357;&#56518; Martes y miércoles de 10:30 a 12:30 horas:     ?? IDB Los Rosales : Avenida de Los Rosales, nş 133 - 28021 Madrid      ?? Centro Municipal de Mayores Villalonso:   Calle Villalonso, nş 12 - 28021 Madrid      &#55357;&#56518; Jueves de 17 a 19 horas:     ?? Centro Municipal de Mayores Miguel Delibes:   Avenida Felicidad,  nş 26 - 28041 Madrid      &#55357;&#56518; Miércoles de 18 a 20 horas:        ??Centro Municipal de Mayores Nuestra Seńora de los Ángeles:   Calle Arama, nş 1 - 28041 Madrid     Las inscripciones son gratuitas y se realizarán a través del QR  del cartel o accediendo a Parque y Salud - Deporte en la Calle Villaverde.";"http://www.madrid.es/sites/v/index.jsp?vgnextchannel=ca9671ee4a9eb410VgnVCM100000171f5a0aRCRD&vgnextoid=7f3d921355e4a910VgnVCM100000891ecb1aRCRD";"Parque y Salud - Deporte en la Calle - Distrito de Villaverde";"http://www.madrid.es/sites/v/index.jsp?vgnextchannel=ca9671ee4a9eb410VgnVCM100000171f5a0aRCRD&vgnextoid=9569ffa02fd4a910VgnVCM100000891ecb1aRCRD";"http://www.madrid.es/sites/v/index.jsp?vgnextchannel=bfa48ab43d6bb410VgnVCM100000171f5a0aRCRD&vgnextoid=1694598d1351c010VgnVCM1000000b205a0aRCRD";"Centro Municipal de Mayores Nuestra Seńora de los Ángeles";"1";"CALLE";"ARAMA";"1";"VILLAVERDE";"LOS ANGELES";"28041";"440776";"4467045";"40.351866690488684";"-3.6974029071664085";"/contenido/actividades/ActividadesDeportivas";"/usuario/Mayores"
50116025;"Parque y Salud - Deporte en la calle - Distrito de Villaverde";"";"1";"1";"M";"30/12/2025;6/1/2026;";"2025-10-01 00:00:00.0";"2026-07-31 23:59:00.0";"10:30";"Disfruta de una experiencia completa al aire libre. Camina, muévete y activa tu cuerpo en cada sesión llena de energía y bienestar. Comenzaremos con un paseo relajante de aproximadamente una hora, seguido de una variedad de actividades como gimnasia de mantenimiento, juegos tradicionales, zumba y yoga. Es la oportunidad perfecta para cuidar tu salud y divertirte. ˇTe esperamos!  &#55357;&#56518; Martes y miércoles de 10:30 a 12:30 horas:     ?? IDB Los Rosales : Avenida de Los Rosales, nş 133 - 28021 Madrid      ?? Centro Municipal de Mayores Villalonso:   Calle Villalonso, nş 12 - 28021 Madrid      &#55357;&#56518; Jueves de 17 a 19 horas:     ?? Centro Municipal de Mayores Miguel Delibes:   Avenida Felicidad,  nş 26 - 28041 Madrid      &#55357;&#56518; Miércoles de 18 a 20 horas:        ??Centro Municipal de Mayores Nuestra Seńora de los Ángeles:   Calle Arama, nş 1 - 28041 Madrid     Las inscripciones son gratuitas y se realizarán a través del QR  del cartel o accediendo a Parque y Salud - Deporte en la Calle Villaverde.";"http://www.madrid.es/sites/v/index.jsp?vgnextchannel=ca9671ee4a9eb410VgnVCM100000171f5a0aRCRD&vgnextoid=112f85aaf3e4a910VgnVCM100000891ecb1aRCRD";"Parque y Salud - Deporte en la Calle - Distrito de Villaverde";"http://www.madrid.es/sites/v/index.jsp?vgnextchannel=ca9671ee4a9eb410VgnVCM100000171f5a0aRCRD&vgnextoid=9569ffa02fd4a910VgnVCM100000891ecb1aRCRD";"http://www.madrid.es/sites/v/index.jsp?vgnextchannel=bfa48ab43d6bb410VgnVCM100000171f5a0aRCRD&vgnextoid=6912f12fa4f61110VgnVCM1000000b205a0aRCRD";"Instalación Deportiva Municipal Básica Los Rosales I";"0";"AVENIDA";"LOS ROSALES";"131";"VILLAVERDE";"BUTARQUE";"28021";"442439";"4467021";"40.35175390495651";"-3.677834634453844";"/contenido/actividades/ActividadesDeportivas";"/usuario/Mayores"
12811411;"Piragüismo por Madrid 2025/2026";"";"0";"1";"L,M,X,J,V,S,D";"";"2025-09-01 00:00:00.0";"2026-07-31 23:59:00.0";"";"";"http://www.madrid.es/sites/v/index.jsp?vgnextchannel=ca9671ee4a9eb410VgnVCM100000171f5a0aRCRD&vgnextoid=cd1f1059466a7910VgnVCM2000001f4a900aRCRD";"";"";"http://www.madrid.es/sites/v/index.jsp?vgnextchannel=bfa48ab43d6bb410VgnVCM100000171f5a0aRCRD&vgnextoid=8d9a78a0dea9e210VgnVCM1000000b205a0aRCRD";"Parque Juan Carlos I";"2";"GLORIETA";"S.A.R. DON JUAN DE BORBON Y BATTEMBERG, 5";"5";"BARAJAS";"CORRALEJOS";"28042";"447867";"4478996";"40.45999848510341";"-3.6148888706303586";"/contenido/actividades/ActividadesDeportivas";""
50181628;"Pon a punto tu bici. Taller de mecánica básica";"";"1";"0";"";"";"2026-06-27 00:00:00.0";"2026-06-27 23:59:00.0";"11:00";"";"http://www.madrid.es/sites/v/index.jsp?vgnextchannel=ca9671ee4a9eb410VgnVCM100000171f5a0aRCRD&vgnextoid=898ad3bbe9b4b910VgnVCM200000f921e388RCRD";"Pon a punto tu bici. Taller de mecánica básica";"http://www.madrid.es/sites/v/index.jsp?vgnextchannel=ca9671ee4a9eb410VgnVCM100000171f5a0aRCRD&vgnextoid=7d64d981f4ab5810VgnVCM1000001d4a900aRCRD";"http://www.madrid.es/sites/v/index.jsp?vgnextchannel=bfa48ab43d6bb410VgnVCM100000171f5a0aRCRD&vgnextoid=a956fc79622ef010VgnVCM2000000c205a0aRCRD";"Centro de Información y Educación Ambiental de Dehesa de la Villa";"1";"PARQUE";"DEHESA DE LA VILLA";"0";"MONCLOA-ARAVACA";"";"28039";"439102";"4478967";"40.45914104116349";"-3.718270563679269";"/contenido/actividades/CursosTalleres";""
50292928;"Taller BMX pumptrack";"";"1";"0";"";"";"2026-05-23 00:00:00.0";"2026-05-23 23:59:00.0";"10:00";"";"http://www.madrid.es/sites/v/index.jsp?vgnextchannel=ca9671ee4a9eb410VgnVCM100000171f5a0aRCRD&vgnextoid=10975a3f043dd910VgnVCM200000f921e388RCRD";"Taller BMX pumptrack";"http://www.madrid.es/sites/v/index.jsp?vgnextchannel=ca9671ee4a9eb410VgnVCM100000171f5a0aRCRD&vgnextoid=9a015a3f043dd910VgnVCM200000f921e388RCRD";"";"";"";"";"";"";"";"";"";"";"";"";"";"/contenido/actividades/ActividadesDeportivas";""
50299087;"Tetuán a la calle: juventud, acción y creatividad";"";"1";"0";"";"";"2026-05-22 00:00:00.0";"2026-05-22 23:59:00.0";"17:00";"Dirigida a chicos de entre 14 y 22 ańos, esta jornada ofrece torneos lúdico-deportivos y actividades para disfrutar en grupo: autodefensa, de¬portes, baile, masajes y relajación, creación de cómics, customización de ropa? ˇy mucho más!Colabora el Proceso de Desarrollo Comunitario de Tetuán";"http://www.madrid.es/sites/v/index.jsp?vgnextchannel=ca9671ee4a9eb410VgnVCM100000171f5a0aRCRD&vgnextoid=3c9b5f682b1fd910VgnVCM200000f921e388RCRD";"Actividades en el Parque Rodríguez Sahagún";"http://www.madrid.es/sites/v/index.jsp?vgnextchannel=ca9671ee4a9eb410VgnVCM100000171f5a0aRCRD&vgnextoid=79585f682b1fd910VgnVCM200000f921e388RCRD";"";"";"";"";"";"";"";"";"";"";"";"";"";"";""
50265988;"Torneo Ajedrez";"";"1";"0";"";"";"2026-05-31 00:00:00.0";"2026-05-31 23:59:00.0";"11:00";"Torneo de Ajedrez   Domingo 31 de mayo 2026   Torneo de Primavera - Ajedrez y Simultánea: Una nueva jornada deportiva gratuita para disfrutar del ajedrez en plena calle. En esta ocasión, el evento se traslada a la Calle Fuencarral.   Horario: De 11:00 a 14:00 h.  Lugar: Calle Fuencarral, 154 (entre las glorietas de Quevedo y Bilbao).  Categorías: Prebenjamín, Benjamín, Alevín, Infantil y Cadete Mixto.  Inscripciones: Abiertas desde el 4 de mayo 2026, a través del siguiente enlace. Las partidas simultáneas no requieren inscripción previa";"http://www.madrid.es/sites/v/index.jsp?vgnextchannel=ca9671ee4a9eb410VgnVCM100000171f5a0aRCRD&vgnextoid=5dbaa675b492d910VgnVCM200000f921e388RCRD";"";"";"";"";"";"";"";"";"";"";"";"";"";"";"";"";"/usuario/Nińos"
50287259;"Torneo de Fútbol Sala y Baloncesto 3×3 - Sábados Diferentes - Distrito de Villaverde";"";"1";"0";"";"";"2026-05-09 00:00:00.0";"2026-05-09 23:59:00.0";"17:00";"Disfruta del ocio alternativo y saludable en el distrito de Villaverde. En esta jornada deportiva gratuita, el fútbol sala y el basket 3×3 serán los protagonistas en un espacio abierto a la participación. Se realizarán torneos de ambas disciplinas durante toda la tarde, llena de competición sana y buen ambiente en el barrio. ˇActívate y súmate al juego! &#55357;&#56518; Fecha: Sábado 9 de mayo de 17 a 20 horas  ?? Lugar: IDB San Cristóbal de los Ángeles: Calle Rocafort, nş 2 - 28021 Madrid  Las inscripciones se realizarán a través del?QR?del cartel y en?Inscripciones 3x3 baloncesto y torneo fútbol sala. Más información e inscripciones también en Eventos - Villaverde Deporte en la Calle.";"http://www.madrid.es/sites/v/index.jsp?vgnextchannel=ca9671ee4a9eb410VgnVCM100000171f5a0aRCRD&vgnextoid=a8601664c05bd910VgnVCM200000f921e388RCRD";"Torneo de Fútbol Sala y Baloncesto 3×3 - Sábados Diferentes - Distrito de Villaverde";"http://www.madrid.es/sites/v/index.jsp?vgnextchannel=ca9671ee4a9eb410VgnVCM100000171f5a0aRCRD&vgnextoid=c7720428dd4bd910VgnVCM200000f921e388RCRD";"http://www.madrid.es/sites/v/index.jsp?vgnextchannel=bfa48ab43d6bb410VgnVCM100000171f5a0aRCRD&vgnextoid=adab8e71e6e61110VgnVCM1000000b205a0aRCRD";"Instalación Deportiva Municipal Básica Colonia San Cristóbal de Los Ángeles";"0";"CALLE";"ROCAFORT";"2";"VILLAVERDE";"SAN CRISTOBAL";"28021";"441360";"4465864";"40.341265820973355";"-3.690416646053115";"/contenido/actividades/ActividadesDeportivas/Baloncesto";"/usuario/Jovenes,/usuario/Nińos"
50293054;"Torneo fin de curso de tenis y padel";"";"1";"0";"";"";"2026-05-30 00:00:00.0";"2026-05-30 23:59:00.0";"";"";"http://www.madrid.es/sites/v/index.jsp?vgnextchannel=ca9671ee4a9eb410VgnVCM100000171f5a0aRCRD&vgnextoid=41597046183dd910VgnVCM100000891ecb1aRCRD";"Torneo fin de curso de tenis y padel";"http://www.madrid.es/sites/v/index.jsp?vgnextchannel=ca9671ee4a9eb410VgnVCM100000171f5a0aRCRD&vgnextoid=0a6b00c8b24bd910VgnVCM100000891ecb1aRCRD";"http://www.madrid.es/sites/v/index.jsp?vgnextchannel=bfa48ab43d6bb410VgnVCM100000171f5a0aRCRD&vgnextoid=b86c79262ef5d010VgnVCM1000000b205a0aRCRD";"Centro Deportivo Municipal Barajas";"1";"AVENIDA";"LOGROŃO";"70";"BARAJAS";"ALAMEDA DE OSUNA";"28042";"450176";"4479315";"40.46301382809657";"-3.587693324074623";"/contenido/actividades/ActividadesDeportivas";""
50293064;"Torneo nocturno de baloncesto y balonmano 2026";"";"1";"0";"";"";"2026-05-23 00:00:00.0";"2026-05-23 23:59:00.0";"20:00";"";"http://www.madrid.es/sites/v/index.jsp?vgnextchannel=ca9671ee4a9eb410VgnVCM100000171f5a0aRCRD&vgnextoid=7bed7046183dd910VgnVCM100000891ecb1aRCRD";"Torneo nocturno de baloncesto y balonmano 2026";"http://www.madrid.es/sites/v/index.jsp?vgnextchannel=ca9671ee4a9eb410VgnVCM100000171f5a0aRCRD&vgnextoid=b0d97e0d2f39c910VgnVCM200000f921e388RCRD";"http://www.madrid.es/sites/v/index.jsp?vgnextchannel=bfa48ab43d6bb410VgnVCM100000171f5a0aRCRD&vgnextoid=5cfca5b6020e1110VgnVCM1000000b205a0aRCRD";"Instalación Deportiva Municipal Básica Soto Hidalgo";"1";"CALLE";"RIAŃO";"1";"BARAJAS";"ALAMEDA DE OSUNA";"28042";"450877";"4479114";"40.46124483748552";"-3.5794097699469845";"/contenido/actividades/ActividadesDeportivas/Ciclismo";""
50265977;"Torneo Padel";"";"1";"1";"L,M,X,J,V,S,D";"";"2026-05-23 00:00:00.0";"2026-05-24 23:59:00.0";"";"Torneo de padel   23 y 24 de mayo 2026  Una excelente oportunidad deportiva y gratuita para disfrutar del pádel en el distrito. El evento, se llevará a cabo en las instalaciones del Go Fit Vallehermoso para fomentar el deporte base y la convivencia.   Sábado: 17:00 a 21:00 h (Fase de grupos).  Domingo: 10:00 a 14:00 h (Semifinales y finales).  Lugar: C/ Avenida de Filipinas, 7 (Gofit Vallehermoso).  Categorías: Senior (Femenino, Masculino o Mixto) y Juvenil (Femenino, Masculino o Mixto).  Inscripciones: Abiertas hasta el 14 de mayo a través del siguiente enlace.";"http://www.madrid.es/sites/v/index.jsp?vgnextchannel=ca9671ee4a9eb410VgnVCM100000171f5a0aRCRD&vgnextoid=4f471d58a392d910VgnVCM200000f921e388RCRD";"Programación Cultural Chamberí";"http://www.madrid.es/sites/v/index.jsp?vgnextchannel=ca9671ee4a9eb410VgnVCM100000171f5a0aRCRD&vgnextoid=5ea6daba65bc4910VgnVCM1000001d4a900aRCRD";"http://www.madrid.es/sites/v/index.jsp?vgnextchannel=bfa48ab43d6bb410VgnVCM100000171f5a0aRCRD&vgnextoid=28906e8a84805410VgnVCM2000000c205a0aRCRD";"Centro Deportivo Municipal Vallehermoso GoFit";"1";"AVENIDA";"FILIPINAS";"7";"CHAMBERI";"VALLEHERMOSO";"28003";"439867";"4476908";"40.44064843863945";"-3.709053489027435";"/contenido/actividades/ActividadesDeportivas";""
12811536;"Triatlón por Madrid 2025/2026";"";"0";"1";"L,M,X,J,V,S,D";"";"2025-09-01 00:00:00.0";"2026-06-30 23:59:00.0";"";"";"http://www.madrid.es/sites/v/index.jsp?vgnextchannel=ca9671ee4a9eb410VgnVCM100000171f5a0aRCRD&vgnextoid=ec5b0739f86a7910VgnVCM1000001d4a900aRCRD";"Triatlón por Madrid 2025/2026";"http://www.madrid.es/sites/v/index.jsp?vgnextchannel=ca9671ee4a9eb410VgnVCM100000171f5a0aRCRD&vgnextoid=8fd90739f86a7910VgnVCM1000001d4a900aRCRD";"http://www.madrid.es/sites/v/index.jsp?vgnextchannel=bfa48ab43d6bb410VgnVCM100000171f5a0aRCRD&vgnextoid=3876b0c40971c010VgnVCM1000000b205a0aRCRD";"Centro Deportivo Municipal Casa de Campo";"1";"PASEO";"PUERTA DEL ANGEL";"7";"MONCLOA-ARAVACA";"CASA DE CAMPO";"28011";"437768";"4474204";"40.41612628789201";"-3.733536573641621";"/contenido/actividades/ActividadesDeportivas/Ciclismo";""
50247653;"VI Media Maratón de Carabanchel";"";"0";"0";"";"";"2026-05-24 00:00:00.0";"2026-05-24 23:59:00.0";"08:30";"";"http://www.madrid.es/sites/v/index.jsp?vgnextchannel=ca9671ee4a9eb410VgnVCM100000171f5a0aRCRD&vgnextoid=9e11acb7822cc910VgnVCM200000f921e388RCRD";"";"";"";"";"";"";"";"";"";"";"";"";"";"";"";"/contenido/actividades/ActividadesDeportivas/CarrerasMaratones";""
50165011;"Yoga - Deporte en la Calle - Distrito de Villaverde";"";"1";"1";"S";"27/12/2025;3/1/2026;4/4/2026;";"2025-09-08 00:00:00.0";"2026-06-15 23:59:00.0";"10:00";"Descubre el equilibrio perfecto entre cuerpo y mente en nuestras clases de yoga. Disfruta de 90 minutos de relajación y energía cada miércoles y sábado. ˇÚnete y fluye con nosotros!   Miércoles de 17 a 18:30 horas:     Parque Ciudad de Los Ángeles. Calle Anoeta, nş 14B - 28041 Madrid    Sábados de 10 a 11:30 horas:    Auditorio Plata y Castańar. Paseo Plata y Castańar, nş 5 - 28021 Madrid    Las inscripciones son gratuitas y se realizarán a través del QR del cartel o accediendo a Yoga - Deporte en la calle Villaverde.";"http://www.madrid.es/sites/v/index.jsp?vgnextchannel=ca9671ee4a9eb410VgnVCM100000171f5a0aRCRD&vgnextoid=51ec9b6e5b11b910VgnVCM100000891ecb1aRCRD";"Yoga - Deporte en la Calle - Distrito de Villaverde";"http://www.madrid.es/sites/v/index.jsp?vgnextchannel=ca9671ee4a9eb410VgnVCM100000171f5a0aRCRD&vgnextoid=e4558dd0b6d0b910VgnVCM200000f921e388RCRD";"http://www.madrid.es/sites/v/index.jsp?vgnextchannel=bfa48ab43d6bb410VgnVCM100000171f5a0aRCRD&vgnextoid=009349ad8bcc5110VgnVCM1000000b205a0aRCRD";"Instalación Deportiva Municipal Básica Parque Plata y Castańar";"0";"PASEO";"LOS FERROVIARIOS";"s/n";"VILLAVERDE";"SAN ANDRES";"28021";"439211";"4466704";"40.34867826813893";"-3.7158020843006376";"/contenido/actividades/ActividadesDeportivas";"/usuario/Mujeres"
50164766;"Yoga - Deporte en la Calle - Distrito de Villaverde";"";"1";"1";"X";"24/12/2025;31/12/2025;";"2025-09-08 00:00:00.0";"2026-06-15 23:59:00.0";"17:00";"Descubre el equilibrio perfecto entre cuerpo y mente en nuestras clases de yoga. Disfruta de 90 minutos de relajación y energía cada miércoles y sábado. ˇÚnete y fluye con nosotros!   Miércoles de 17 a 18:30 horas:     Parque Ciudad de Los Ángeles. Calle Anoeta, nş 14B - 28041 Madrid    Sábados de 10 a 11:30 horas:    Auditorio Plata y Castańar. Paseo Plata y Castańar, nş 5 - 28021 Madrid    Las inscripciones son gratuitas y se realizarán a través del QR del cartel o accediendo a Yoga - Deporte en la calle Villaverde.";"http://www.madrid.es/sites/v/index.jsp?vgnextchannel=ca9671ee4a9eb410VgnVCM100000171f5a0aRCRD&vgnextoid=32489b6e5b11b910VgnVCM100000891ecb1aRCRD";"Yoga - Deporte en la Calle - Distrito de Villaverde";"http://www.madrid.es/sites/v/index.jsp?vgnextchannel=ca9671ee4a9eb410VgnVCM100000171f5a0aRCRD&vgnextoid=e4558dd0b6d0b910VgnVCM200000f921e388RCRD";"http://www.madrid.es/sites/v/index.jsp?vgnextchannel=bfa48ab43d6bb410VgnVCM100000171f5a0aRCRD&vgnextoid=f346588fd3471110VgnVCM1000000b205a0aRCRD";"Instalación Deportiva Municipal Básica Ciudad de Los Ángeles";"0";"CALLE";"ANOETA";"S/N";"VILLAVERDE";"LOS ANGELES";"28041";"440710";"4467155";"40.35283994612291";"-3.698205911976654";"/contenido/actividades/ActividadesDeportivas";"/usuario/Mujeres"
50111948;"Zumba - Deporte en la Calle - Distrito de Villaverde";"";"1";"1";"X";"24/12/2025;31/12/2025;";"2025-09-11 00:00:00.0";"2026-06-15 23:59:00.0";"18:30";"Sumérgete en la pasión y el ritmo de nuestras clases de Zumba, una actividad deportiva muy dinámica que combina la energía de la música latina con divertidos movimientos de baile.  Miércoles de 18:30 a 20 horas:    Parque Ciudad de Los Ángeles . Calle Anoeta, nş 14B - 28041 Madrid    Viernes de 19:30 a 21 horas:     IDB Los Rosales. Avenida de Los Rosales, nş 131 - 28021 Madrid    Domingos de 10 a 11:30 horas:   Auditorio Plata y Castańar. Paseo Plata y Castańar, nş 5 - 28021 Madrid   Las inscripciones se realizarán a través del QR  del cartel o accediendo a Zumba - Deporte en la Calle Villaverde.";"http://www.madrid.es/sites/v/index.jsp?vgnextchannel=ca9671ee4a9eb410VgnVCM100000171f5a0aRCRD&vgnextoid=fb5d5701b9a3a910VgnVCM200000f921e388RCRD";"Zumba - Deporte en la Calle - Distrito de Villaverde";"http://www.madrid.es/sites/v/index.jsp?vgnextchannel=ca9671ee4a9eb410VgnVCM100000171f5a0aRCRD&vgnextoid=995670e490179910VgnVCM200000f921e388RCRD";"http://www.madrid.es/sites/v/index.jsp?vgnextchannel=bfa48ab43d6bb410VgnVCM100000171f5a0aRCRD&vgnextoid=f346588fd3471110VgnVCM1000000b205a0aRCRD";"Instalación Deportiva Municipal Básica Ciudad de Los Ángeles";"0";"CALLE";"ANOETA";"S/N";"VILLAVERDE";"LOS ANGELES";"28041";"440710";"4467155";"40.35283994612291";"-3.698205911976654";"/contenido/actividades/ActividadesDeportivas";"/usuario/Mujeres"
50112471;"Zumba - Deporte en la Calle - Distrito de Villaverde";"";"1";"1";"D";"9/11/2025;7/12/2025;28/12/2025;4/1/2026;5/4/2026;";"2025-09-11 00:00:00.0";"2026-06-15 23:59:00.0";"10:00";"Sumérgete en la pasión y el ritmo de nuestras clases de Zumba, una actividad deportiva muy dinámica que combina la energía de la música latina con divertidos movimientos de baile.  Miércoles de 18:30 a 20 horas:    Parque Ciudad de Los Ángeles . Calle Anoeta, nş 14B - 28041 Madrid    Viernes de 19:30 a 21 horas:     IDB Los Rosales. Avenida de Los Rosales, nş 131 - 28021 Madrid    Domingos de 10 a 11:30 horas:   Auditorio Plata y Castańar. Paseo Plata y Castańar, nş 5 - 28021 Madrid   Las inscripciones se realizarán a través del QR  del cartel o accediendo a Zumba - Deporte en la Calle Villaverde.";"http://www.madrid.es/sites/v/index.jsp?vgnextchannel=ca9671ee4a9eb410VgnVCM100000171f5a0aRCRD&vgnextoid=9cf25701b9a3a910VgnVCM200000f921e388RCRD";"Zumba - Deporte en la Calle - Distrito de Villaverde";"http://www.madrid.es/sites/v/index.jsp?vgnextchannel=ca9671ee4a9eb410VgnVCM100000171f5a0aRCRD&vgnextoid=995670e490179910VgnVCM200000f921e388RCRD";"http://www.madrid.es/sites/v/index.jsp?vgnextchannel=bfa48ab43d6bb410VgnVCM100000171f5a0aRCRD&vgnextoid=009349ad8bcc5110VgnVCM1000000b205a0aRCRD";"Instalación Deportiva Municipal Básica Parque Plata y Castańar";"0";"PASEO";"LOS FERROVIARIOS";"s/n";"VILLAVERDE";"SAN ANDRES";"28021";"439211";"4466704";"40.34867826813893";"-3.7158020843006376";"/contenido/actividades/ActividadesDeportivas";"/usuario/Mujeres"
50112291;"Zumba - Deporte en la Calle - Distrito de Villaverde";"";"1";"1";"V";"26/12/2025;2/1/2026;3/4/2026;";"2025-09-11 00:00:00.0";"2026-06-15 23:59:00.0";"19:30";"Sumérgete en la pasión y el ritmo de nuestras clases de Zumba, una actividad deportiva muy dinámica que combina la energía de la música latina con divertidos movimientos de baile.  Miércoles de 18:30 a 20 horas:    Parque Ciudad de Los Ángeles . Calle Anoeta, nş 14B - 28041 Madrid    Viernes de 19:30 a 21 horas:     IDB Los Rosales. Avenida de Los Rosales, nş 131 - 28021 Madrid    Domingos de 10 a 11:30 horas:   Auditorio Plata y Castańar. Paseo Plata y Castańar, nş 5 - 28021 Madrid   Las inscripciones se realizarán a través del QR  del cartel o accediendo a Zumba - Deporte en la Calle Villaverde.";"http://www.madrid.es/sites/v/index.jsp?vgnextchannel=ca9671ee4a9eb410VgnVCM100000171f5a0aRCRD&vgnextoid=4f005701b9a3a910VgnVCM200000f921e388RCRD";"Zumba - Deporte en la Calle - Distrito de Villaverde";"http://www.madrid.es/sites/v/index.jsp?vgnextchannel=ca9671ee4a9eb410VgnVCM100000171f5a0aRCRD&vgnextoid=995670e490179910VgnVCM200000f921e388RCRD";"http://www.madrid.es/sites/v/index.jsp?vgnextchannel=bfa48ab43d6bb410VgnVCM100000171f5a0aRCRD&vgnextoid=6912f12fa4f61110VgnVCM1000000b205a0aRCRD";"Instalación Deportiva Municipal Básica Los Rosales I";"0";"AVENIDA";"LOS ROSALES";"131";"VILLAVERDE";"BUTARQUE";"28021";"442439";"4467021";"40.35175390495651";"-3.677834634453844";"/contenido/actividades/ActividadesDeportivas";"/usuario/Mujeres"
